table_row	patient_numeric	patient_id	figo_stage	histotype_reported	histotype_group	primary_tp53	ocm_id_reported	canonical_ocm_id	chemo_naive_at_biopsy	biopsy_type	ocm_tp53_dna	ocm_tp53_protein	p53_without_nutlin3	p53_with_nutlin3	references	source	source_pmc	source_pdf_page
1	33	OCM33	4B	HGSOC	HGSOC	NA	33-2	OCM33-2	false	Ascites	c.783insATT	Inframe insertion	+	-	2, 3, 4, 5	Tighe2025 Table S1	PMC12208324	22
2	38	OCM38	3C	HGSOC	HGSOC	c.376-1G>C	38	OCM38	true	Ascites	c.375_395del	Inframe deletion	-	-	1, 2, 3, 5	Tighe2025 Table S1	PMC12208324	22
3	46	OCM46	3C	HGSOC	HGSOC	c.267delC	46-3	OCM46-3	false	Ascites	c.267delC	Frameshift	-	-	2, 3, 4, 5	Tighe2025 Table S1	PMC12208324	22
4	59	OCM59	3C	HGSOC	HGSOC	c.398delT	59-3	OCM59-3	false	Ascites	c.398delT	Frameshift	-	-	2, 3, 4, 5	Tighe2025 Table S1	PMC12208324	22
5	64	OCM64	3C	Possible mixed LGSOC/HGSOC†	non-HGSOC_or_ambiguous	c.646G>A	64-1	OCM64-1	false	Ascites	c.646G>A	p.V216M	+	-	2, 3, 4, 5	Tighe2025 Table S1	PMC12208324	22
5	64	OCM64	3C	Possible mixed LGSOC/HGSOC†	non-HGSOC_or_ambiguous	c.646G>A	64-3-Ep-	OCM64-3-Ep-	false	Ascites	c.646G>A	p.V216M	+	-	2, 3, 5	Tighe2025 Table S1	PMC12208324	22
5	64	OCM64	3C	Possible mixed LGSOC/HGSOC†	non-HGSOC_or_ambiguous	c.646G>A	64-3-Ep+	OCM64-3-Ep+	false	Ascites	c.646G>A	p.V216M	+	-	2, 3	Tighe2025 Table S1	PMC12208324	22
6	66	OCM66	3C	HGSOC	HGSOC	Neoplastic cell count less than 10%	66-1	OCM66-1	false	Ascites	c.488A>G	p.Y163C	+	-	2, 3, 4, 5	Tighe2025 Table S1	PMC12208324	22
6	66	OCM66	3C	HGSOC	HGSOC	Neoplastic cell count less than 10%	66-5	OCM66-5	false	Ascites	c.488A>G	p.Y163C	+	-	2, 3, 5	Tighe2025 Table S1	PMC12208324	22
7	72	OCM72	1A	Moderately differentiated MOC	non-HGSOC_or_ambiguous	c.843C>G	72	OCM72	false	Ascites	c.843C>G	p.D281E	+	-	2, 3, 5	Tighe2025 Table S1	PMC12208324	22
8	74	OCM74	3B	HGSOC	HGSOC	c.1024C>T	74-1	OCM74-1	false	Ascites	c.1024C>T	p.R342X	+	-	2, 3, 4	Tighe2025 Table S1	PMC12208324	22
8	74	OCM74	3B	HGSOC	HGSOC	c.1024C>T	74-3	OCM74-3	false	Ascites	c.1024C>T	p.R342X	+	-	2, 3	Tighe2025 Table S1	PMC12208324	22
8	74	OCM74	3B	HGSOC	HGSOC	c.1024C>T	74-5	OCM74-5	false	Ascites	c.1024C>T	p.R342X	ND	ND	This study	Tighe2025 Table S1	PMC12208324	22
9	79	OCM79	3C	HGSOC	HGSOC	NA	79	OCM79	false	Ascites	c.153_162del	Frameshift	-	-	2, 3, 5	Tighe2025 Table S1	PMC12208324	22
10	80	OCM80	3C	HGSOC	HGSOC	c.742C>T	80-2	OCM80-2	false	Ascites	c.742C>T	p.R248W	+	ND	3, 4	Tighe2025 Table S1	PMC12208324	22
11	83	OCM83	3A2	CCOC	non-HGSOC_or_ambiguous	ND	83	OCM83	false	Ascites	WT	WT	-	+	This study	Tighe2025 Table S1	PMC12208324	22
12	86	OCM86	4B	HGSOC	HGSOC	NA	86	OCM86	false	Ascites	c.842A>G	p.D281G	-	-	3, 4	Tighe2025 Table S1	PMC12208324	22
13	87	OCM87	3B	Possible CCOC†	non-HGSOC_or_ambiguous	NA	87	OCM87	true	Ascites	WT	WT	+	+	2, 3, 4, 5	Tighe2025 Table S1	PMC12208324	22
14	92	OCM92	3C	HGSOC	HGSOC	WT	92	OCM92	false	Ascites	c.524G>A	p.R175H	-	ND	3, 4	Tighe2025 Table S1	PMC12208324	22
15	95	OCM95	3C	HGSOC	HGSOC	Insufficient DNA	95	OCM95	false	Ascites	c.902del	Frameshift	+	-	4	Tighe2025 Table S1	PMC12208324	22
16	99	OCM99	3C	HGSOC	HGSOC	Insufficient DNA	99	OCM99	true	Ascites	c.810T>G	p.F270L	+	ND	3, 4	Tighe2025 Table S1	PMC12208324	22
17	105	OCM105	3C	HGSOC	HGSOC	Insufficient DNA	105	OCM105	false	Ascites	c.431A>C	p.Q105P	+	-	4, 5	Tighe2025 Table S1	PMC12208324	22
18	106	OCM106	3C	HGSOC	HGSOC	NA	106	OCM106	false	Ascites	c.844C>T	p.R282W	+	-	4	Tighe2025 Table S1	PMC12208324	22
19	109	OCM109	4B	HGSOC	HGSOC	Insufficient DNA	109	OCM109	false	Ascites	c.743G>A	p.R248Q	+	-	3, 4, 5, 6	Tighe2025 Table S1	PMC12208324	22
20	110	OCM110	3C	HGSOC	HGSOC	ND	110-1	OCM110-1	true	Ascites	c.743G>A	p.R248Q	+	-	1, 3, 4	Tighe2025 Table S1	PMC12208324	22
20	110	OCM110	3C	HGSOC	HGSOC	ND	110-9	OCM110-9	false	Ascites	ND	ND	ND	ND	3	Tighe2025 Table S1	PMC12208324	22
21	118	OCM118	3C	LGSOC	non-HGSOC_or_ambiguous	ND	118-1	OCM118-1	true	Ascites	ND	ND	-	+	1, 3	Tighe2025 Table S1	PMC12208324	23
21	118	OCM118	3C	LGSOC	non-HGSOC_or_ambiguous	ND	118-7	OCM118-7	false	Ascites	ND	ND	-	+	3	Tighe2025 Table S1	PMC12208324	23
22	124	OCM124	3C	LGSOC	non-HGSOC_or_ambiguous	ND	124-1	OCM124-1	true	Ascites	ND	ND	-	+	1, 3	Tighe2025 Table S1	PMC12208324	23
22	124	OCM124	3C	LGSOC	non-HGSOC_or_ambiguous	ND	124-11	OCM124-11	false	Ascites	c.524G>A	p.R175H	-	+	3	Tighe2025 Table S1	PMC12208324	23
23	128	OCM128	3C	HGSOC	HGSOC	NA	128	OCM128	false	Ascites	c.514_559del	Frameshift	+	-	4	Tighe2025 Table S1	PMC12208324	23
24	130	OCM130	4B	HGSOC	HGSOC	ND	130	OCM130	false	Ascites	c.536A>C	p.H179P	-	-	This study	Tighe2025 Table S1	PMC12208324	23
25	132	OCM132	3C	HGSOC	HGSOC	c.742C>T	132	OCM132	false	Ascites	c.742C>T	p.R248W	+	ND	4	Tighe2025 Table S1	PMC12208324	23
26	148	OCM148	3C	HGSOC	HGSOC	ND	148	OCM148	false	Ascites	c.713G>A	p.C238Y	+	-	7	Tighe2025 Table S1	PMC12208324	23
27	149	OCM149	3C	HGSOC	HGSOC	NA	149	OCM149	false	Ascites	c.724T>G	p.C242G	+	-	3, 4	Tighe2025 Table S1	PMC12208324	23
28	152	OCM152	3C	Moderately differentiated serous adenocarcinoma of intermediate grade†	non-HGSOC_or_ambiguous	NA	152	OCM152	false	Ascites	c.659A>G	p.Y220C	+	-	3, 4, 5	Tighe2025 Table S1	PMC12208324	23
29	161	OCM161	4A	HGSOC	HGSOC	NA	161-1	OCM161-1	false	Ascites	c.524G>A	p.R175H	-	ND	3, 4	Tighe2025 Table S1	PMC12208324	23
30	162	OCM162	3C	HGSOC	HGSOC	NA	162-2	OCM162-2	false	Ascites	Exon 7 deletion	-	-	ND	4	Tighe2025 Table S1	PMC12208324	23
31	165	OCM165	3C	HGSOC	HGSOC	c.659A>G	165	OCM165	false	Ascites	c.659A>G	p.Y220C	+	ND	3, 4	Tighe2025 Table S1	PMC12208324	23
32	167	OCM167	3C	HGSOC	HGSOC	c.742C>Tf	167	OCM167	false	Ascites	c.742C>T	p.R248W	+	ND	3, 4	Tighe2025 Table S1	PMC12208324	23
33	191	OCM191	3A	HGSOC	HGSOC	c.743G>A	191	OCM191	false	Ascites	c.743G>A	p.R248Q	+	ND	3, 4, 5	Tighe2025 Table S1	PMC12208324	23
34	195	OCM195	4A	Possible LGSOC†	non-HGSOC_or_ambiguous	WT	195	OCM195	true	Ascites	WT	WT	+	+	3, 4, 5	Tighe2025 Table S1	PMC12208324	23
35	202	OCM202	3C	HGSOC	HGSOC	ND	202-3	OCM202-3	false	Ascites	c.818G>A	p.R273H	+	+	This study	Tighe2025 Table S1	PMC12208324	23
36	203	OCM203	3C	HGSOC	HGSOC	c.1025G>C	203-2	OCM203-2	false	Ascites	c.1025G>C	p.R342P	+	ND	4	Tighe2025 Table S1	PMC12208324	23
37	217	OCM217	3C	HGSOC	HGSOC	ND	217-2	OCM217-2	false	Solid	c.993_994 ins328	Frameshift	ND	ND	This study	Tighe2025 Table S1	PMC12208324	23
38	231	OCM231	3C	HGSOC	HGSOC	NA	231-1	OCM231-1	true	Ascites	c.742C>G	p.R248G	+	-	3, 4	Tighe2025 Table S1	PMC12208324	23
38	231	OCM231	3C	HGSOC	HGSOC	NA	231-5	OCM231-5	false	Ascites	c.742C>T	p.R248W	+	-	7	Tighe2025 Table S1	PMC12208324	23
39	246	OCM246	4A	HGSOC	HGSOC	c.309C>G	246	OCM246	false	Ascites	c.309C>G	p.Y103*	-	ND	4, 6	Tighe2025 Table S1	PMC12208324	23
40	250	OCM250	3C	HGSOC	HGSOC	c.584T>A	250-2	OCM250-2	false	Ascites	c.584T>A	p.I195N	+	+	4	Tighe2025 Table S1	PMC12208324	23
41	267	OCM267	4B	HGSOC	HGSOC	NA	267	OCM267	false	Ascites	c.659A>G	p.Y220C	+	ND	4	Tighe2025 Table S1	PMC12208324	23
42	277	OCM277	4B	HGSOC	HGSOC	ND	277-2	OCM277-2	false	Ascites	c.742C>T	p.R248W	+	-	This study	Tighe2025 Table S1	PMC12208324	23
43	288	OCM288	4B	HGSOC	HGSOC	ND	288-4	OCM288-4	false	Ascites	c.743G>A	p.R248Q	+	-	This study	Tighe2025 Table S1	PMC12208324	23
43	288	OCM288	4B	HGSOC	HGSOC	ND	288-7	OCM288-7	false	Ascites	c.743G>A	p.R248Q	+	-	This study	Tighe2025 Table S1	PMC12208324	23
44	292	OCM292	3C	HGSOC	HGSOC	ND	292	OCM292	false	Ascites	c.63delC	fs. Stop 43	-	-	This study	Tighe2025 Table S1	PMC12208324	23
45	293	OCM293	4B	HGSOC	HGSOC	ND	293-4	OCM293-4	false	Ascites	c.659A>G	p.Y220C	ND	ND	This study	Tighe2025 Table S1	PMC12208324	23
46	295	OCM295	3C	HGSOC	HGSOC	ND	295	OCM295	false	Ascites	c.757_758insA	Frameshift	-	-	This study	Tighe2025 Table S1	PMC12208324	23
47	296	OCM296	3C	HGSOC	HGSOC	ND	296-3	OCM296-3	false	Ascites	c.542G>C	p.R181P	ND	ND	This study	Tighe2025 Table S1	PMC12208324	23
47	296	OCM296	3C	HGSOC	HGSOC	ND	296-5	OCM296-5	false	Ascites	c.542G>C	p.R181P	+	-	This study	Tighe2025 Table S1	PMC12208324	23
48	301	OCM301	4B	HGSOC	HGSOC	ND	301	OCM301	true	Ascites	c.524G>A	p.R175H	-	-	This study	Tighe2025 Table S1	PMC12208324	23
49	303	OCM303	4A	HGSOC	HGSOC	ND	303-2	OCM303-2	false	Ascites	c.916C>T	p.R306*	-	-	This study	Tighe2025 Table S1	PMC12208324	23
50	311	OCM311	3C	OC	non-HGSOC_or_ambiguous	ND	311	OCM311	false	Ascites	c.734G>A	p.G245D	+	-	This study	Tighe2025 Table S1	PMC12208324	24
51	314	OCM314	1A	CCOC	non-HGSOC_or_ambiguous	ND	314	OCM314	true	Ascites	WT	WT	-	+	This study	Tighe2025 Table S1	PMC12208324	24
52	316	OCM316	3C	HGSOC	HGSOC	ND	316	OCM316	false	Ascites	c.371insT	fs. Stop 148	-	-	This study	Tighe2025 Table S1	PMC12208324	24
53	320	OCM320	3C	HGSOC	HGSOC	ND	320	OCM320	false	Ascites	c.742C>T	p.R248W	+	-	This study	Tighe2025 Table S1	PMC12208324	24
54	322	OCM322	3A	HGSOC	HGSOC	ND	322	OCM322	false	Ascites	c.400T>G	p.F134V	+	-	This study	Tighe2025 Table S1	PMC12208324	24
55	324	OCM324	3C	CCOC	non-HGSOC_or_ambiguous	ND	324	OCM324	false	Ascites	C.524G>A	p.R175H	-	-	This study	Tighe2025 Table S1	PMC12208324	24
56	325	OCM325	4B	HGSOC	HGSOC	ND	325	OCM325	false	Ascites	c.723delC	Frameshift	-	-	This study	Tighe2025 Table S1	PMC12208324	24
57	326	OCM326	4B	HGSOC	HGSOC	ND	326	OCM326	true	Ascites	ND	ND	ND	ND	This study	Tighe2025 Table S1	PMC12208324	24
58	327	OCM327	3C	HGSOC	HGSOC	ND	327-1	OCM327-1	false	Ascites	c.523C>G	p.R175G	+	-	This study	Tighe2025 Table S1	PMC12208324	24
58	327	OCM327	3C	HGSOC	HGSOC	ND	327-3	OCM327-3	false	Ascites	c.523C>G	p.R175G	+	-	This study	Tighe2025 Table S1	PMC12208324	24
59	328	OCM328	3C	HGSOC	HGSOC	ND	328-3	OCM328-3	false	Ascites	c.733G>A	p.G245S	ND	ND	This study	Tighe2025 Table S1	PMC12208324	24
60	333	OCM333	3C	HGSOC	HGSOC	ND	333-1	OCM333-1	false	Ascites	c.524G>A	p.R175H	-	-	This study	Tighe2025 Table S1	PMC12208324	24
60	333	OCM333	3C	HGSOC	HGSOC	ND	333-3	OCM333-3	false	Ascites	c.524G>A	p.R175H	ND	ND	This study	Tighe2025 Table S1	PMC12208324	24
61	334	OCM334	3C	HGSOC	HGSOC	ND	334	OCM334	true	Ascites	c.743G>T	p.R248L	+	-	This study	Tighe2025 Table S1	PMC12208324	24
62	339	OCM339	4A	HGSOC	HGSOC	ND	339	OCM339	false	Ascites	c.527G>A	p.C176Y	+	-	This study	Tighe2025 Table S1	PMC12208324	24
63	341	OCM341	3C	HGSOC	HGSOC	ND	341-1	OCM341-1	true	Ascites	c.503del26	-	-	-	This study	Tighe2025 Table S1	PMC12208324	24
63	341	OCM341	3C	HGSOC	HGSOC	ND	341-3	OCM341-3	false	Ascites	c.524G>A	p.R175H	ND	ND	This study	Tighe2025 Table S1	PMC12208324	24
64	346	OCM346	3C	HGSOC	HGSOC	ND	346	OCM346	false	Ascites	c.375_395del	p.T125_K132del	ND	ND	This study	Tighe2025 Table S1	PMC12208324	24
65	358	OCM358	3C	HGSOC	HGSOC	ND	358	OCM358	false	Ascites	ND	ND	-	-	This study	Tighe2025 Table S1	PMC12208324	24
66	361	OCM361	3C	LGSOC	non-HGSOC_or_ambiguous	ND	361a	OCM361a	false	Solid	c.524G>A	p.R175H	-	-	This study	Tighe2025 Table S1	PMC12208324	24
66	361	OCM361	3C	LGSOC	non-HGSOC_or_ambiguous	ND	361b	OCM361b	false	Solid	c.912delT	fs. Stop 344	ND	ND	This study	Tighe2025 Table S1	PMC12208324	24
67	376	OCM376	3C	HGSOC	HGSOC	ND	376a	OCM376a	false	Solid	c.818G>A	p.R273H	ND	ND	This study	Tighe2025 Table S1	PMC12208324	24
68	381	OCM381	3C	HGSOC	HGSOC	ND	381	OCM381	true	Ascites	c.376_396del	p.T125_K132del	ND	ND	This study	Tighe2025 Table S1	PMC12208324	24
