failure_id	analysis_class	attempt_or_event	observed_event	root_cause_or_interpretation	evidence_source	correction_or_disposition	scientific_impact
F1	RNA acquisition	Initial public-read arrays	Network connection refusals and some memory kills occurred during transfer or Salmon execution	Infrastructure and resource failures, not biological exclusions	docs/hgsoc_corneto_research_status.md; per-run receipts on Roihu	Targeted retries preserved partial downloads; scientific inclusion is decided by complete receipts, not Slurm history	No run may be excluded because it was inconvenient to compute
F2	Regulatory lambda sensitivity	Original per-sample all-60-labelled grid	Each OCM was solved independently despite an all60 label	The runner created one-condition CARNIVAL problems, so it was not pooled multi-condition inference	scripts/summarize_regulatory_lambda_all60.py	Retain only as independent single-sample sensitivity; supersede with a true multi-condition Data build	Old results cannot answer pooled-versus-cohort joint inference
F3	Regulatory lambda scaling	Early true-joint diagnostic	Raw solver lambda was initially compared across unequal condition counts	CORNETO sums condition fit terms; the intended reported objective used mean fit	scripts/run_corneto_regulatory_multisample.py	Use lambda_solver equals n times lambda_reported and record both; keep early runs as diagnostics	Unscaled runs are not comparable across n
F4	Regulatory grid execution	Partial grid attempt	Some receipts contained Gurobi session-cap errors despite scheduler completion	Concurrent WLS sessions exceeded the licence baseline	Original and repaired receipt provenance recorded in the final grid summary	Slurm COMPLETED is not scientific success; only repaired receipt-valid grids are interpreted
F5	Regulatory alternative optima	Initial E-MTAB-14568 ensemble	Six samples hit the session cap and one mathematical optimum selected no edges	Infrastructure errors and an empty optimum require separate fail-closed states	evidence/roihu_result_snapshot.json#/receipts/regulatory_alternative_optima	Serially retry session failures; retain zero-edge sample as blocked_no_selected_edges	An empty selected network is not evidence of biological inactivity
F6	NMF rank selection	Frozen rank-3 comparison	Rank 2 has higher pooled cophenetic and silhouette scores than rank 3	Rank 3 was selected for comparability with an existing integration, not as the data optimum	evidence/roihu_result_snapshot.json#/receipts/nmf_pooled_rank_summary	Report rank 3 as a fixed anchor and rank 2 as a counter-result/sensitivity	Do not name rank-3 clusters as three biological subtypes
F7	Meeson exact reproduction	Public 49-OCM output audit	The published output is present, but its expression-plus-growth input resolves to an absent author-local path	Exact numerical regeneration is not possible from the public repository snapshot	data/processed/meeson/upstream_audit.json	Audit code, model fingerprint and outputs; run separate toy/global/joint tests	Do not call the audit an exact reproduction of the 49 OCM models
F8	Phenotype-linked modelling	Taylor phenotype intake	No exact OCM-level AUC, raw GI50 or cumulative paclitaxel exposure rows passed the frozen public-data boundary	Required outcome/exposure data are absent; proxies do not identify the estimands	data/processed/metadata/manifest_audit.json; config/taylor_phenotype_intake.json	Keep discovery response-blind and block association/CV until exact tables pass the intake gate	No drug-response, intrinsic-resistance or acquired-resistance claim is estimable
F9	Human-GEM biomass audit	Early helper field	A strict decoded-name predicate reported biomass_human_present false while the pinned SBML ID was R_biomass_human	Identifier normalisation mismatch, not an absent biomass reaction	evidence/roihu_result_snapshot.json#/receipts/human_gem_fingerprint	Use the actual biomass_sbml_ids field and pinned SHA; preserve the old boolean as a known receipt caveat	Do not infer model invalidity from the legacy helper boolean
