paper_key	year	reported_scope	evidence_granularity	ocm_ids	role	source_locator	evidence_status	claim_limit
topham2015	2015	0 OCM	non-OCM	NA	MYC-mitotic-fate mechanism in cell and mouse systems	DOI:10.1016/j.ccell.2015.06.001; PMC4518499	non_ocm	Mechanistic prior only; not an OCM cohort
pillay2019	2019	4 OCM	direct article names plus later canonical crosswalk	OCM38;OCM110-1;OCM118-1;OCM124-1	PARGi and CHK1i single/combination experiments	DOI:10.1016/j.ccell.2019.02.004; Fig.8; Table S1; tighe_ocm_characteristics.tsv references=1	later_authoritative_crosswalk	Paper abbreviates three IDs; canonical suffixes come from Tighe Table S1
nelson2020	2020	15-model exemplar panel	later crosswalk identifies 14 current canonical IDs	OCM33-2;OCM38;OCM46-3;OCM59-3;OCM64-1;OCM64-3-Ep-;OCM64-3-Ep+;OCM66-1;OCM66-5;OCM72;OCM74-1;OCM74-3;OCM79;OCM87	Living-biobank establishment with overlapping molecular, imaging, karyotype and drug-assay subsets	DOI:10.1038/s41467-020-14551-2; PMC7018727; tighe_ocm_characteristics.tsv references=2	count_only_exact_ids_unknown	The paper reports 15; the current local crosswalk recovers 14 and must not guess the fifteenth
williams2020	2020	0 OCM	non-OCM clinical specimens	NA	ABCB1 promoter-fusion mechanism in metastatic HGSC ascites	DOI:10.1186/s12885-020-07571-0; PMC7654162	non_ocm	Clinical-specimen mechanism, not an OCM cohort
bronder2021	2021	0 OCM	non-OCM engineered reference	NA	TP53-loss and chromosomal-instability mechanism in FNE system	DOI:10.1242/dmm.049001; PMC8649171	non_ocm	FNE is an engineered reference system, not an OCM
barnes2021	2021	33 clinical specimens / 27 patients; 36 RNA profiles after two passage and two fraction additions	later authoritative crosswalk	OCM33-2;OCM38;OCM46-3;OCM59-3;OCM64-1;OCM64-3-Ep-;OCM64-3-Ep+;OCM66-1;OCM66-5;OCM72;OCM74-1;OCM74-3;OCM79;OCM80-2;OCM86;OCM87;OCM92;OCM99;OCM109;OCM110-1;OCM110-9;OCM118-1;OCM118-7;OCM124-1;OCM124-11;OCM149;OCM152;OCM161-1;OCM165;OCM167;OCM191;OCM195;OCM231-1	Histotype-classifier validation in OCMs; classifier training used CCLE cell lines	DOI:10.1186/s13073-021-00952-5; PMC8408985; E-MTAB-10801 IDF; E-MTAB-7223; tighe_ocm_characteristics.tsv references=3	later_authoritative_crosswalk	Nineteen new OCMs are in E-MTAB-10801 and 17 prior profiles in E-MTAB-7223; not an independent 36-OCM discovery cohort
coulsongilmer2021	2021	32-OCM drug screen; RNA available for 29	article names selected IDs and later crosswalk identifies 31 canonical IDs	OCM33-2;OCM46-3;OCM59-3;OCM64-1;OCM66-1;OCM74-1;OCM80-2;OCM86;OCM87;OCM92;OCM95;OCM99;OCM105;OCM106;OCM109;OCM110-1;OCM128;OCM132;OCM149;OCM152;OCM161-1;OCM162-2;OCM165;OCM167;OCM191;OCM195;OCM203-2;OCM231-1;OCM246;OCM250-2;OCM267	PARG-inhibitor screen and replication-catastrophe mechanism	DOI:10.1186/s13046-021-02124-0; PMC8520217; tighe_ocm_characteristics.tsv references=4	count_only_exact_ids_unknown	The crosswalk recovers 31 of 32; the missing member is unknown and RNA absence for OCM267, OCM250-2 and OCM162-2 must be retained
golder2022	2022	16 OCM	direct exact table	OCM33-2;OCM38;OCM46-3;OCM59-3;OCM64-1;OCM64-3-Ep-;OCM66-1;OCM66-5;OCM72;OCM79;OCM87;OCM105;OCM109;OCM152;OCM191;OCM195	ATR/CHK1 multiple-low-dose profiling	DOI:10.1093/narcan/zcac036; PMC9653014; Table 1	direct_machine_readable	FNE1 is an additional non-OCM reference and is not included in the 16
nelson2023	2023	over 120 OCMs programme-wide	count only	NA	Living-biobank review and programme scope	DOI:10.1007/s10577-023-09731-x; PMC10435626	count_only_exact_ids_unknown	Time-stamped programme count; no exact per-paper OCM panel
morgan2023	2023	0 OCM	non-OCM clinical cohort	NA	External HRD clinical context	DOI:10.1136/ijgc-2022-004211	non_ocm	Clinical evidence only
meeson2024	2024	6 ovarian cell-line ecGEMs	non-OCM	NA	Constraint-based modelling in 59M, HEYA8, OV56, CAOV3, COV318 and OAW28	DOI:10.1038/s41540-024-00418-5; PMC11344801	non_ocm	These are cell lines, not OCMs
coulsongilmer2024	2024	2 OCM	direct article names	OCM109;OCM246	Nucleoside rescue of PARG-inhibitor sensitivity	DOI:10.1093/narcan/zcae030; PMC11249981; Fig.7F-G	direct_article_text	Mechanistic experiment in two OCMs, not a cohort-wide validation
littler2025	2025	30 OCM / 25 patients	count exact, full ID panel unavailable in current machine-readable article text	OCM64-1;OCM64-3-Ep-;OCM64-3-Ep+;OCM66-1;OCM66-5;OCM110-1;OCM110-9;OCM231-1;OCM231-5;OCM72;OCM149;OCM246;OCM152;OCM46-3;OCM86;OCM267;OCM250-2;OCM167;OCM79;OCM38;OCM109;OCM195;OCM87;OCM148	SUMOylation-inhibitor sensitivity/resistance and SNIP1 mechanism	DOI:10.1016/j.isci.2025.112555; PMC12145850; Figs.3-6	count_only_exact_ids_unknown	Listed IDs are directly named examples, not a reconstructed complete 30-model panel
tighe2025	2025	83 OCM / 68 patients	direct machine-readable supplementary table	OCM33-2;OCM38;OCM46-3;OCM59-3;OCM64-1;OCM64-3-Ep-;OCM64-3-Ep+;OCM66-1;OCM66-5;OCM72;OCM74-1;OCM74-3;OCM74-5;OCM79;OCM80-2;OCM83;OCM86;OCM87;OCM92;OCM95;OCM99;OCM105;OCM106;OCM109;OCM110-1;OCM110-9;OCM118-1;OCM118-7;OCM124-1;OCM124-11;OCM128;OCM130;OCM132;OCM148;OCM149;OCM152;OCM161-1;OCM162-2;OCM165;OCM167;OCM191;OCM195;OCM202-3;OCM203-2;OCM217-2;OCM231-1;OCM231-5;OCM246;OCM250-2;OCM267;OCM277-2;OCM288-4;OCM288-7;OCM292;OCM293-4;OCM295;OCM296-3;OCM296-5;OCM301;OCM303-2;OCM311;OCM314;OCM316;OCM320;OCM322;OCM324;OCM325;OCM326;OCM327-1;OCM327-3;OCM328-3;OCM333-1;OCM333-3;OCM334;OCM339;OCM341-1;OCM341-3;OCM346;OCM358;OCM361a;OCM361b;OCM376a;OCM381	Taxol/carboplatin screen, taxol modulation and 36-model cabazitaxel rescreen	DOI:10.1016/j.xcrm.2025.102160; PMC12208324; data/processed/metadata/tighe_ocm_characteristics.tsv rows 2-84	direct_machine_readable	This is the wider biobank screen, not the 60-OCM RNA primary set
morgan2025	2025	0 OCM	non-OCM clinical cohort	NA	External HRD clinical context	DOI:10.1136/jmg-2025-110903	non_ocm	Clinical evidence only
meeson2026	2026	47 CCLE ovarian cell-line models; OV56 and A549 perturbation	non-OCM	NA	Transcriptome-driven metabolic models and TPI1 experimental validation	DOI:10.1186/s40170-026-00425-6; PMC13003690; E-MTAB-16770	non_ocm	E-MTAB-16770 is a cell-line perturbation dataset, not OCM RNA
meeson_phd_2024	2024	49 OCM output rows	resource output with raw unresolved sample labels	OCM331-T;OCM311-T;OCM132-T;OCM95-T;OCM59-3-T;OCM267-T;OCM231-T;OCM288-7-T;OCM152-T;OCM162-2-T;OCM106-T;OCM288-4-T;OCM110-9-T;OCM325-2-T;OCM327-T;OCM86-T;OCM80-2-T;OCM66-T;OCM66-5-T;OCM301-T;OCM250-2 -T;OCM33-2-T;OCM293-3-T;OCM202-3-T;OCM258-T;OCM293-4-T;OCM130-T;OCM327-3-T;OCM165-T;OCM161-T;OCM74-3-T;OCM46-3-T-P4;OCM54-2-T;OCM316-T;OCM320-T;OCM105-T;OCM246-T;OCM149-T;OCM191-T;OCM109-T;OCM99-T;OCM92-T;OCM110-T;OCM64-3-T-epPOS;OCM64-3-T-epNEG;OCM74-T;OCM64-T;OCM322-T;OCM119a-T	Public OCM flux-output audit from the pinned PhD repository	data/processed/meeson/ocm_output_index.tsv rows 2-50; data/processed/meeson/upstream_audit.json	resource_output_unresolved	Labels are preserved verbatim, not canonicalised; several cannot be safely crosswalked to Tighe IDs and exact regeneration is blocked by a missing author-local input
