sample	cluster
OCM331-T	0
OCM311-T	0
OCM132-T	0
OCM95-T	0
OCM59-3-T	0
OCM267-T	0
OCM231-T	0
OCM288-7-T	0
OCM152-T	1
OCM162-2-T	1
OCM106-T	1
OCM288-4-T	1
OCM110-9-T	1
OCM325-2-T	1
OCM327-T	1
OCM86-T	1
OCM80-2-T	1
OCM66-T	1
OCM66-5-T	1
OCM301-T	1
OCM250-2 -T	1
OCM33-2-T	2
OCM293-3-T	2
OCM202-3-T	2
OCM258-T	2
OCM293-4-T	2
OCM130-T	2
OCM327-3-T	2
OCM165-T	2
OCM161-T	2
OCM74-3-T	2
OCM46-3-T-P4	2
OCM54-2-T	3
OCM316-T	3
OCM320-T	3
OCM105-T	3
OCM246-T	3
OCM149-T	3
OCM191-T	3
OCM109-T	3
OCM99-T	3
OCM92-T	3
OCM110-T	3
OCM64-3-T-epPOS	3
OCM64-3-T-epNEG	3
OCM74-T	3
OCM64-T	3
OCM322-T	3
OCM119a-T	3
